metric,value
norm_error_mean,166.62935363701712
horizontal_error_mean,91.53387319937308
vertical_error_mean,105.21913144545178
