metric,value
norm_error_mean,106.01812969610052
horizontal_error_mean,75.95794434235177
vertical_error_mean,55.91691371995286
